subject_id,Filename,subject_physics
0,SS_MPRAGE_sub_0_TI_1.70000.nii.gz,1.7
0,SS_MPRAGE_sub_0_TI_1.20000.nii.gz,1.2
0,SS_MPRAGE_sub_0_TI_3.00000.nii.gz,3.0
0,SS_MPRAGE_sub_0_TI_0.10000.nii.gz,0.1
0,SS_MPRAGE_sub_0_TI_2.90000.nii.gz,2.9
0,SS_MPRAGE_sub_0_TI_1.60000.nii.gz,1.6
0,SS_MPRAGE_sub_0_TI_1.50000.nii.gz,1.5
0,SS_MPRAGE_sub_0_TI_1.00000.nii.gz,1.0
0,SS_MPRAGE_sub_0_TI_2.70000.nii.gz,2.7
0,SS_MPRAGE_sub_0_TI_2.00000.nii.gz,2.0
0,SS_MPRAGE_sub_0_TI_2.10000.nii.gz,2.1
0,SS_MPRAGE_sub_0_TI_0.20000.nii.gz,0.2
0,SS_MPRAGE_sub_0_TI_2.30000.nii.gz,2.3
0,SS_MPRAGE_sub_0_TI_0.80000.nii.gz,0.8
0,SS_MPRAGE_sub_0_TI_1.40000.nii.gz,1.4
0,SS_MPRAGE_sub_0_TI_1.80000.nii.gz,1.8
0,SS_MPRAGE_sub_0_TI_2.50000.nii.gz,2.5
0,SS_MPRAGE_sub_0_TI_0.60000.nii.gz,0.6
0,SS_MPRAGE_sub_0_TI_2.40000.nii.gz,2.4
0,SS_MPRAGE_sub_0_TI_1.30000.nii.gz,1.3
0,SS_MPRAGE_sub_0_TI_0.90000.nii.gz,0.9
0,SS_MPRAGE_sub_0_TI_1.10000.nii.gz,1.1
0,SS_MPRAGE_sub_0_TI_0.70000.nii.gz,0.7
0,SS_MPRAGE_sub_0_TI_0.40000.nii.gz,0.4
0,SS_MPRAGE_sub_0_TI_2.20000.nii.gz,2.2
0,SS_MPRAGE_sub_0_TI_2.60000.nii.gz,2.6
0,SS_MPRAGE_sub_0_TI_2.80000.nii.gz,2.8
0,SS_MPRAGE_sub_0_TI_0.30000.nii.gz,0.3
0,SS_MPRAGE_sub_0_TI_0.50000.nii.gz,0.5
0,SS_MPRAGE_sub_0_TI_1.90000.nii.gz,1.9
1,SS_MPRAGE_sub_1_TI_1.00000.nii.gz,1.0
1,SS_MPRAGE_sub_1_TI_2.30000.nii.gz,2.3
1,SS_MPRAGE_sub_1_TI_0.80000.nii.gz,0.8
1,SS_MPRAGE_sub_1_TI_0.30000.nii.gz,0.3
1,SS_MPRAGE_sub_1_TI_1.10000.nii.gz,1.1
1,SS_MPRAGE_sub_1_TI_0.70000.nii.gz,0.7
1,SS_MPRAGE_sub_1_TI_0.60000.nii.gz,0.6
1,SS_MPRAGE_sub_1_TI_2.70000.nii.gz,2.7
1,SS_MPRAGE_sub_1_TI_0.10000.nii.gz,0.1
1,SS_MPRAGE_sub_1_TI_1.80000.nii.gz,1.8
1,SS_MPRAGE_sub_1_TI_0.90000.nii.gz,0.9
1,SS_MPRAGE_sub_1_TI_2.40000.nii.gz,2.4
1,SS_MPRAGE_sub_1_TI_2.90000.nii.gz,2.9
1,SS_MPRAGE_sub_1_TI_2.80000.nii.gz,2.8
1,SS_MPRAGE_sub_1_TI_0.50000.nii.gz,0.5
1,SS_MPRAGE_sub_1_TI_2.20000.nii.gz,2.2
1,SS_MPRAGE_sub_1_TI_2.00000.nii.gz,2.0
1,SS_MPRAGE_sub_1_TI_0.20000.nii.gz,0.2
1,SS_MPRAGE_sub_1_TI_1.30000.nii.gz,1.3
1,SS_MPRAGE_sub_1_TI_2.10000.nii.gz,2.1
1,SS_MPRAGE_sub_1_TI_1.60000.nii.gz,1.6
1,SS_MPRAGE_sub_1_TI_1.70000.nii.gz,1.7
1,SS_MPRAGE_sub_1_TI_2.50000.nii.gz,2.5
1,SS_MPRAGE_sub_1_TI_3.00000.nii.gz,3.0
1,SS_MPRAGE_sub_1_TI_1.50000.nii.gz,1.5
1,SS_MPRAGE_sub_1_TI_0.40000.nii.gz,0.4
1,SS_MPRAGE_sub_1_TI_1.90000.nii.gz,1.9
1,SS_MPRAGE_sub_1_TI_1.20000.nii.gz,1.2
1,SS_MPRAGE_sub_1_TI_2.60000.nii.gz,2.6
1,SS_MPRAGE_sub_1_TI_1.40000.nii.gz,1.4
2,SS_MPRAGE_sub_2_TI_0.20000.nii.gz,0.2
2,SS_MPRAGE_sub_2_TI_2.80000.nii.gz,2.8
2,SS_MPRAGE_sub_2_TI_1.80000.nii.gz,1.8
2,SS_MPRAGE_sub_2_TI_0.10000.nii.gz,0.1
2,SS_MPRAGE_sub_2_TI_0.60000.nii.gz,0.6
2,SS_MPRAGE_sub_2_TI_2.20000.nii.gz,2.2
2,SS_MPRAGE_sub_2_TI_1.50000.nii.gz,1.5
2,SS_MPRAGE_sub_2_TI_2.40000.nii.gz,2.4
2,SS_MPRAGE_sub_2_TI_1.00000.nii.gz,1.0
2,SS_MPRAGE_sub_2_TI_1.30000.nii.gz,1.3
2,SS_MPRAGE_sub_2_TI_0.30000.nii.gz,0.3
2,SS_MPRAGE_sub_2_TI_2.70000.nii.gz,2.7
2,SS_MPRAGE_sub_2_TI_1.20000.nii.gz,1.2
2,SS_MPRAGE_sub_2_TI_2.60000.nii.gz,2.6
2,SS_MPRAGE_sub_2_TI_1.70000.nii.gz,1.7
2,SS_MPRAGE_sub_2_TI_1.60000.nii.gz,1.6
2,SS_MPRAGE_sub_2_TI_0.80000.nii.gz,0.8
2,SS_MPRAGE_sub_2_TI_0.90000.nii.gz,0.9
2,SS_MPRAGE_sub_2_TI_0.50000.nii.gz,0.5
2,SS_MPRAGE_sub_2_TI_3.00000.nii.gz,3.0
2,SS_MPRAGE_sub_2_TI_1.90000.nii.gz,1.9
2,SS_MPRAGE_sub_2_TI_1.10000.nii.gz,1.1
2,SS_MPRAGE_sub_2_TI_1.40000.nii.gz,1.4
2,SS_MPRAGE_sub_2_TI_2.10000.nii.gz,2.1
2,SS_MPRAGE_sub_2_TI_2.00000.nii.gz,2.0
2,SS_MPRAGE_sub_2_TI_2.30000.nii.gz,2.3
2,SS_MPRAGE_sub_2_TI_2.50000.nii.gz,2.5
2,SS_MPRAGE_sub_2_TI_2.90000.nii.gz,2.9
2,SS_MPRAGE_sub_2_TI_0.40000.nii.gz,0.4
2,SS_MPRAGE_sub_2_TI_0.70000.nii.gz,0.7
3,SS_MPRAGE_sub_3_TI_1.80000.nii.gz,1.8
3,SS_MPRAGE_sub_3_TI_0.60000.nii.gz,0.6
3,SS_MPRAGE_sub_3_TI_2.20000.nii.gz,2.2
3,SS_MPRAGE_sub_3_TI_1.00000.nii.gz,1.0
3,SS_MPRAGE_sub_3_TI_1.40000.nii.gz,1.4
3,SS_MPRAGE_sub_3_TI_2.40000.nii.gz,2.4
3,SS_MPRAGE_sub_3_TI_2.30000.nii.gz,2.3
3,SS_MPRAGE_sub_3_TI_0.20000.nii.gz,0.2
3,SS_MPRAGE_sub_3_TI_2.90000.nii.gz,2.9
3,SS_MPRAGE_sub_3_TI_3.00000.nii.gz,3.0
3,SS_MPRAGE_sub_3_TI_1.90000.nii.gz,1.9
3,SS_MPRAGE_sub_3_TI_1.50000.nii.gz,1.5
3,SS_MPRAGE_sub_3_TI_0.10000.nii.gz,0.1
3,SS_MPRAGE_sub_3_TI_1.30000.nii.gz,1.3
3,SS_MPRAGE_sub_3_TI_2.80000.nii.gz,2.8
3,SS_MPRAGE_sub_3_TI_0.90000.nii.gz,0.9
3,SS_MPRAGE_sub_3_TI_2.70000.nii.gz,2.7
3,SS_MPRAGE_sub_3_TI_0.70000.nii.gz,0.7
3,SS_MPRAGE_sub_3_TI_2.60000.nii.gz,2.6
3,SS_MPRAGE_sub_3_TI_0.30000.nii.gz,0.3
3,SS_MPRAGE_sub_3_TI_0.80000.nii.gz,0.8
3,SS_MPRAGE_sub_3_TI_2.10000.nii.gz,2.1
3,SS_MPRAGE_sub_3_TI_2.50000.nii.gz,2.5
3,SS_MPRAGE_sub_3_TI_0.40000.nii.gz,0.4
3,SS_MPRAGE_sub_3_TI_1.60000.nii.gz,1.6
3,SS_MPRAGE_sub_3_TI_2.00000.nii.gz,2.0
3,SS_MPRAGE_sub_3_TI_1.70000.nii.gz,1.7
3,SS_MPRAGE_sub_3_TI_1.20000.nii.gz,1.2
3,SS_MPRAGE_sub_3_TI_1.10000.nii.gz,1.1
3,SS_MPRAGE_sub_3_TI_0.50000.nii.gz,0.5
4,SS_MPRAGE_sub_4_TI_3.00000.nii.gz,3.0
4,SS_MPRAGE_sub_4_TI_2.80000.nii.gz,2.8
4,SS_MPRAGE_sub_4_TI_1.60000.nii.gz,1.6
4,SS_MPRAGE_sub_4_TI_2.00000.nii.gz,2.0
4,SS_MPRAGE_sub_4_TI_1.00000.nii.gz,1.0
4,SS_MPRAGE_sub_4_TI_1.70000.nii.gz,1.7
4,SS_MPRAGE_sub_4_TI_0.90000.nii.gz,0.9
4,SS_MPRAGE_sub_4_TI_0.60000.nii.gz,0.6
4,SS_MPRAGE_sub_4_TI_1.40000.nii.gz,1.4
4,SS_MPRAGE_sub_4_TI_1.80000.nii.gz,1.8
4,SS_MPRAGE_sub_4_TI_0.30000.nii.gz,0.3
4,SS_MPRAGE_sub_4_TI_2.90000.nii.gz,2.9
4,SS_MPRAGE_sub_4_TI_1.30000.nii.gz,1.3
4,SS_MPRAGE_sub_4_TI_2.40000.nii.gz,2.4
4,SS_MPRAGE_sub_4_TI_0.10000.nii.gz,0.1
4,SS_MPRAGE_sub_4_TI_0.50000.nii.gz,0.5
4,SS_MPRAGE_sub_4_TI_2.60000.nii.gz,2.6
4,SS_MPRAGE_sub_4_TI_2.20000.nii.gz,2.2
4,SS_MPRAGE_sub_4_TI_0.80000.nii.gz,0.8
4,SS_MPRAGE_sub_4_TI_1.50000.nii.gz,1.5
4,SS_MPRAGE_sub_4_TI_1.10000.nii.gz,1.1
4,SS_MPRAGE_sub_4_TI_0.20000.nii.gz,0.2
4,SS_MPRAGE_sub_4_TI_0.70000.nii.gz,0.7
4,SS_MPRAGE_sub_4_TI_2.70000.nii.gz,2.7
4,SS_MPRAGE_sub_4_TI_1.20000.nii.gz,1.2
4,SS_MPRAGE_sub_4_TI_2.10000.nii.gz,2.1
4,SS_MPRAGE_sub_4_TI_1.90000.nii.gz,1.9
4,SS_MPRAGE_sub_4_TI_2.30000.nii.gz,2.3
4,SS_MPRAGE_sub_4_TI_0.40000.nii.gz,0.4
4,SS_MPRAGE_sub_4_TI_2.50000.nii.gz,2.5
5,SS_MPRAGE_sub_5_TI_1.50000.nii.gz,1.5
5,SS_MPRAGE_sub_5_TI_1.70000.nii.gz,1.7
5,SS_MPRAGE_sub_5_TI_2.70000.nii.gz,2.7
5,SS_MPRAGE_sub_5_TI_1.80000.nii.gz,1.8
5,SS_MPRAGE_sub_5_TI_1.90000.nii.gz,1.9
5,SS_MPRAGE_sub_5_TI_2.80000.nii.gz,2.8
5,SS_MPRAGE_sub_5_TI_1.60000.nii.gz,1.6
5,SS_MPRAGE_sub_5_TI_0.30000.nii.gz,0.3
5,SS_MPRAGE_sub_5_TI_2.40000.nii.gz,2.4
5,SS_MPRAGE_sub_5_TI_3.00000.nii.gz,3.0
5,SS_MPRAGE_sub_5_TI_2.50000.nii.gz,2.5
5,SS_MPRAGE_sub_5_TI_0.50000.nii.gz,0.5
5,SS_MPRAGE_sub_5_TI_0.20000.nii.gz,0.2
5,SS_MPRAGE_sub_5_TI_0.10000.nii.gz,0.1
5,SS_MPRAGE_sub_5_TI_0.80000.nii.gz,0.8
5,SS_MPRAGE_sub_5_TI_1.10000.nii.gz,1.1
5,SS_MPRAGE_sub_5_TI_2.10000.nii.gz,2.1
5,SS_MPRAGE_sub_5_TI_0.60000.nii.gz,0.6
5,SS_MPRAGE_sub_5_TI_0.90000.nii.gz,0.9
5,SS_MPRAGE_sub_5_TI_1.20000.nii.gz,1.2
5,SS_MPRAGE_sub_5_TI_2.20000.nii.gz,2.2
5,SS_MPRAGE_sub_5_TI_0.40000.nii.gz,0.4
5,SS_MPRAGE_sub_5_TI_2.00000.nii.gz,2.0
5,SS_MPRAGE_sub_5_TI_1.30000.nii.gz,1.3
5,SS_MPRAGE_sub_5_TI_2.90000.nii.gz,2.9
5,SS_MPRAGE_sub_5_TI_1.40000.nii.gz,1.4
5,SS_MPRAGE_sub_5_TI_2.60000.nii.gz,2.6
5,SS_MPRAGE_sub_5_TI_1.00000.nii.gz,1.0
5,SS_MPRAGE_sub_5_TI_2.30000.nii.gz,2.3
5,SS_MPRAGE_sub_5_TI_0.70000.nii.gz,0.7
6,SS_MPRAGE_sub_6_TI_2.10000.nii.gz,2.1
6,SS_MPRAGE_sub_6_TI_2.20000.nii.gz,2.2
6,SS_MPRAGE_sub_6_TI_0.40000.nii.gz,0.4
6,SS_MPRAGE_sub_6_TI_2.00000.nii.gz,2.0
6,SS_MPRAGE_sub_6_TI_1.50000.nii.gz,1.5
6,SS_MPRAGE_sub_6_TI_2.90000.nii.gz,2.9
6,SS_MPRAGE_sub_6_TI_2.30000.nii.gz,2.3
6,SS_MPRAGE_sub_6_TI_0.20000.nii.gz,0.2
6,SS_MPRAGE_sub_6_TI_1.10000.nii.gz,1.1
6,SS_MPRAGE_sub_6_TI_2.50000.nii.gz,2.5
6,SS_MPRAGE_sub_6_TI_0.80000.nii.gz,0.8
6,SS_MPRAGE_sub_6_TI_2.70000.nii.gz,2.7
6,SS_MPRAGE_sub_6_TI_1.20000.nii.gz,1.2
6,SS_MPRAGE_sub_6_TI_1.60000.nii.gz,1.6
6,SS_MPRAGE_sub_6_TI_0.90000.nii.gz,0.9
6,SS_MPRAGE_sub_6_TI_0.30000.nii.gz,0.3
6,SS_MPRAGE_sub_6_TI_0.50000.nii.gz,0.5
6,SS_MPRAGE_sub_6_TI_1.70000.nii.gz,1.7
6,SS_MPRAGE_sub_6_TI_2.80000.nii.gz,2.8
6,SS_MPRAGE_sub_6_TI_1.80000.nii.gz,1.8
6,SS_MPRAGE_sub_6_TI_0.70000.nii.gz,0.7
6,SS_MPRAGE_sub_6_TI_3.00000.nii.gz,3.0
6,SS_MPRAGE_sub_6_TI_2.60000.nii.gz,2.6
6,SS_MPRAGE_sub_6_TI_1.40000.nii.gz,1.4
6,SS_MPRAGE_sub_6_TI_1.30000.nii.gz,1.3
6,SS_MPRAGE_sub_6_TI_1.00000.nii.gz,1.0
6,SS_MPRAGE_sub_6_TI_2.40000.nii.gz,2.4
6,SS_MPRAGE_sub_6_TI_0.60000.nii.gz,0.6
6,SS_MPRAGE_sub_6_TI_0.10000.nii.gz,0.1
6,SS_MPRAGE_sub_6_TI_1.90000.nii.gz,1.9
7,SS_MPRAGE_sub_7_TI_2.90000.nii.gz,2.9
7,SS_MPRAGE_sub_7_TI_0.20000.nii.gz,0.2
7,SS_MPRAGE_sub_7_TI_0.10000.nii.gz,0.1
7,SS_MPRAGE_sub_7_TI_1.70000.nii.gz,1.7
7,SS_MPRAGE_sub_7_TI_2.40000.nii.gz,2.4
7,SS_MPRAGE_sub_7_TI_2.50000.nii.gz,2.5
7,SS_MPRAGE_sub_7_TI_1.40000.nii.gz,1.4
7,SS_MPRAGE_sub_7_TI_2.20000.nii.gz,2.2
7,SS_MPRAGE_sub_7_TI_0.30000.nii.gz,0.3
7,SS_MPRAGE_sub_7_TI_2.00000.nii.gz,2.0
7,SS_MPRAGE_sub_7_TI_0.60000.nii.gz,0.6
7,SS_MPRAGE_sub_7_TI_1.30000.nii.gz,1.3
7,SS_MPRAGE_sub_7_TI_0.50000.nii.gz,0.5
7,SS_MPRAGE_sub_7_TI_1.20000.nii.gz,1.2
7,SS_MPRAGE_sub_7_TI_0.90000.nii.gz,0.9
7,SS_MPRAGE_sub_7_TI_2.30000.nii.gz,2.3
7,SS_MPRAGE_sub_7_TI_0.80000.nii.gz,0.8
7,SS_MPRAGE_sub_7_TI_2.70000.nii.gz,2.7
7,SS_MPRAGE_sub_7_TI_2.10000.nii.gz,2.1
7,SS_MPRAGE_sub_7_TI_2.80000.nii.gz,2.8
7,SS_MPRAGE_sub_7_TI_1.10000.nii.gz,1.1
7,SS_MPRAGE_sub_7_TI_1.50000.nii.gz,1.5
7,SS_MPRAGE_sub_7_TI_0.70000.nii.gz,0.7
7,SS_MPRAGE_sub_7_TI_1.90000.nii.gz,1.9
7,SS_MPRAGE_sub_7_TI_1.60000.nii.gz,1.6
7,SS_MPRAGE_sub_7_TI_0.40000.nii.gz,0.4
7,SS_MPRAGE_sub_7_TI_2.60000.nii.gz,2.6
7,SS_MPRAGE_sub_7_TI_1.80000.nii.gz,1.8
7,SS_MPRAGE_sub_7_TI_1.00000.nii.gz,1.0
7,SS_MPRAGE_sub_7_TI_3.00000.nii.gz,3.0
8,SS_MPRAGE_sub_8_TI_0.80000.nii.gz,0.8
8,SS_MPRAGE_sub_8_TI_2.60000.nii.gz,2.6
8,SS_MPRAGE_sub_8_TI_1.10000.nii.gz,1.1
8,SS_MPRAGE_sub_8_TI_2.80000.nii.gz,2.8
8,SS_MPRAGE_sub_8_TI_2.30000.nii.gz,2.3
8,SS_MPRAGE_sub_8_TI_1.30000.nii.gz,1.3
8,SS_MPRAGE_sub_8_TI_1.70000.nii.gz,1.7
8,SS_MPRAGE_sub_8_TI_1.50000.nii.gz,1.5
8,SS_MPRAGE_sub_8_TI_0.50000.nii.gz,0.5
8,SS_MPRAGE_sub_8_TI_2.70000.nii.gz,2.7
8,SS_MPRAGE_sub_8_TI_2.90000.nii.gz,2.9
8,SS_MPRAGE_sub_8_TI_0.20000.nii.gz,0.2
8,SS_MPRAGE_sub_8_TI_0.10000.nii.gz,0.1
8,SS_MPRAGE_sub_8_TI_0.70000.nii.gz,0.7
8,SS_MPRAGE_sub_8_TI_2.50000.nii.gz,2.5
8,SS_MPRAGE_sub_8_TI_1.40000.nii.gz,1.4
8,SS_MPRAGE_sub_8_TI_0.40000.nii.gz,0.4
8,SS_MPRAGE_sub_8_TI_1.20000.nii.gz,1.2
8,SS_MPRAGE_sub_8_TI_0.30000.nii.gz,0.3
8,SS_MPRAGE_sub_8_TI_0.60000.nii.gz,0.6
8,SS_MPRAGE_sub_8_TI_2.00000.nii.gz,2.0
8,SS_MPRAGE_sub_8_TI_3.00000.nii.gz,3.0
8,SS_MPRAGE_sub_8_TI_2.40000.nii.gz,2.4
8,SS_MPRAGE_sub_8_TI_2.10000.nii.gz,2.1
8,SS_MPRAGE_sub_8_TI_0.90000.nii.gz,0.9
8,SS_MPRAGE_sub_8_TI_1.00000.nii.gz,1.0
8,SS_MPRAGE_sub_8_TI_1.90000.nii.gz,1.9
8,SS_MPRAGE_sub_8_TI_1.60000.nii.gz,1.6
8,SS_MPRAGE_sub_8_TI_2.20000.nii.gz,2.2
8,SS_MPRAGE_sub_8_TI_1.80000.nii.gz,1.8
9,SS_MPRAGE_sub_9_TI_1.50000.nii.gz,1.5
9,SS_MPRAGE_sub_9_TI_0.80000.nii.gz,0.8
9,SS_MPRAGE_sub_9_TI_1.90000.nii.gz,1.9
9,SS_MPRAGE_sub_9_TI_0.70000.nii.gz,0.7
9,SS_MPRAGE_sub_9_TI_3.00000.nii.gz,3.0
9,SS_MPRAGE_sub_9_TI_1.60000.nii.gz,1.6
9,SS_MPRAGE_sub_9_TI_2.70000.nii.gz,2.7
9,SS_MPRAGE_sub_9_TI_1.20000.nii.gz,1.2
9,SS_MPRAGE_sub_9_TI_0.90000.nii.gz,0.9
9,SS_MPRAGE_sub_9_TI_0.20000.nii.gz,0.2
9,SS_MPRAGE_sub_9_TI_1.70000.nii.gz,1.7
9,SS_MPRAGE_sub_9_TI_2.20000.nii.gz,2.2
9,SS_MPRAGE_sub_9_TI_0.50000.nii.gz,0.5
9,SS_MPRAGE_sub_9_TI_2.00000.nii.gz,2.0
9,SS_MPRAGE_sub_9_TI_2.30000.nii.gz,2.3
9,SS_MPRAGE_sub_9_TI_2.40000.nii.gz,2.4
9,SS_MPRAGE_sub_9_TI_1.10000.nii.gz,1.1
9,SS_MPRAGE_sub_9_TI_2.10000.nii.gz,2.1
9,SS_MPRAGE_sub_9_TI_2.90000.nii.gz,2.9
9,SS_MPRAGE_sub_9_TI_0.40000.nii.gz,0.4
9,SS_MPRAGE_sub_9_TI_0.30000.nii.gz,0.3
9,SS_MPRAGE_sub_9_TI_0.10000.nii.gz,0.1
9,SS_MPRAGE_sub_9_TI_1.80000.nii.gz,1.8
9,SS_MPRAGE_sub_9_TI_1.30000.nii.gz,1.3
9,SS_MPRAGE_sub_9_TI_1.00000.nii.gz,1.0
9,SS_MPRAGE_sub_9_TI_2.60000.nii.gz,2.6
9,SS_MPRAGE_sub_9_TI_1.40000.nii.gz,1.4
9,SS_MPRAGE_sub_9_TI_0.60000.nii.gz,0.6
9,SS_MPRAGE_sub_9_TI_2.80000.nii.gz,2.8
9,SS_MPRAGE_sub_9_TI_2.50000.nii.gz,2.5
10,SS_MPRAGE_sub_10_TI_2.80000.nii.gz,2.8
10,SS_MPRAGE_sub_10_TI_1.60000.nii.gz,1.6
10,SS_MPRAGE_sub_10_TI_1.00000.nii.gz,1.0
10,SS_MPRAGE_sub_10_TI_1.50000.nii.gz,1.5
10,SS_MPRAGE_sub_10_TI_3.00000.nii.gz,3.0
10,SS_MPRAGE_sub_10_TI_2.30000.nii.gz,2.3
10,SS_MPRAGE_sub_10_TI_2.90000.nii.gz,2.9
10,SS_MPRAGE_sub_10_TI_2.50000.nii.gz,2.5
10,SS_MPRAGE_sub_10_TI_0.40000.nii.gz,0.4
10,SS_MPRAGE_sub_10_TI_0.80000.nii.gz,0.8
10,SS_MPRAGE_sub_10_TI_0.60000.nii.gz,0.6
10,SS_MPRAGE_sub_10_TI_2.60000.nii.gz,2.6
10,SS_MPRAGE_sub_10_TI_1.10000.nii.gz,1.1
10,SS_MPRAGE_sub_10_TI_1.70000.nii.gz,1.7
10,SS_MPRAGE_sub_10_TI_1.20000.nii.gz,1.2
10,SS_MPRAGE_sub_10_TI_2.00000.nii.gz,2.0
10,SS_MPRAGE_sub_10_TI_0.50000.nii.gz,0.5
10,SS_MPRAGE_sub_10_TI_0.30000.nii.gz,0.3
10,SS_MPRAGE_sub_10_TI_0.20000.nii.gz,0.2
10,SS_MPRAGE_sub_10_TI_1.30000.nii.gz,1.3
10,SS_MPRAGE_sub_10_TI_2.20000.nii.gz,2.2
10,SS_MPRAGE_sub_10_TI_0.10000.nii.gz,0.1
10,SS_MPRAGE_sub_10_TI_0.70000.nii.gz,0.7
10,SS_MPRAGE_sub_10_TI_2.10000.nii.gz,2.1
10,SS_MPRAGE_sub_10_TI_1.40000.nii.gz,1.4
10,SS_MPRAGE_sub_10_TI_1.90000.nii.gz,1.9
10,SS_MPRAGE_sub_10_TI_1.80000.nii.gz,1.8
10,SS_MPRAGE_sub_10_TI_2.40000.nii.gz,2.4
10,SS_MPRAGE_sub_10_TI_0.90000.nii.gz,0.9
10,SS_MPRAGE_sub_10_TI_2.70000.nii.gz,2.7
11,SS_MPRAGE_sub_11_TI_2.00000.nii.gz,2.0
11,SS_MPRAGE_sub_11_TI_0.90000.nii.gz,0.9
11,SS_MPRAGE_sub_11_TI_2.40000.nii.gz,2.4
11,SS_MPRAGE_sub_11_TI_0.80000.nii.gz,0.8
11,SS_MPRAGE_sub_11_TI_1.00000.nii.gz,1.0
11,SS_MPRAGE_sub_11_TI_2.80000.nii.gz,2.8
11,SS_MPRAGE_sub_11_TI_0.50000.nii.gz,0.5
11,SS_MPRAGE_sub_11_TI_2.50000.nii.gz,2.5
11,SS_MPRAGE_sub_11_TI_0.40000.nii.gz,0.4
11,SS_MPRAGE_sub_11_TI_1.70000.nii.gz,1.7
11,SS_MPRAGE_sub_11_TI_1.40000.nii.gz,1.4
11,SS_MPRAGE_sub_11_TI_2.90000.nii.gz,2.9
11,SS_MPRAGE_sub_11_TI_0.60000.nii.gz,0.6
11,SS_MPRAGE_sub_11_TI_2.70000.nii.gz,2.7
11,SS_MPRAGE_sub_11_TI_2.10000.nii.gz,2.1
11,SS_MPRAGE_sub_11_TI_1.60000.nii.gz,1.6
11,SS_MPRAGE_sub_11_TI_1.90000.nii.gz,1.9
11,SS_MPRAGE_sub_11_TI_0.70000.nii.gz,0.7
11,SS_MPRAGE_sub_11_TI_2.20000.nii.gz,2.2
11,SS_MPRAGE_sub_11_TI_1.10000.nii.gz,1.1
11,SS_MPRAGE_sub_11_TI_0.20000.nii.gz,0.2
11,SS_MPRAGE_sub_11_TI_2.60000.nii.gz,2.6
11,SS_MPRAGE_sub_11_TI_1.20000.nii.gz,1.2
11,SS_MPRAGE_sub_11_TI_1.80000.nii.gz,1.8
11,SS_MPRAGE_sub_11_TI_1.30000.nii.gz,1.3
11,SS_MPRAGE_sub_11_TI_3.00000.nii.gz,3.0
11,SS_MPRAGE_sub_11_TI_0.30000.nii.gz,0.3
11,SS_MPRAGE_sub_11_TI_1.50000.nii.gz,1.5
11,SS_MPRAGE_sub_11_TI_2.30000.nii.gz,2.3
11,SS_MPRAGE_sub_11_TI_0.10000.nii.gz,0.1
12,SS_MPRAGE_sub_12_TI_1.10000.nii.gz,1.1
12,SS_MPRAGE_sub_12_TI_1.00000.nii.gz,1.0
12,SS_MPRAGE_sub_12_TI_2.30000.nii.gz,2.3
12,SS_MPRAGE_sub_12_TI_2.00000.nii.gz,2.0
12,SS_MPRAGE_sub_12_TI_0.40000.nii.gz,0.4
12,SS_MPRAGE_sub_12_TI_2.10000.nii.gz,2.1
12,SS_MPRAGE_sub_12_TI_0.50000.nii.gz,0.5
12,SS_MPRAGE_sub_12_TI_3.00000.nii.gz,3.0
12,SS_MPRAGE_sub_12_TI_1.50000.nii.gz,1.5
12,SS_MPRAGE_sub_12_TI_1.30000.nii.gz,1.3
12,SS_MPRAGE_sub_12_TI_1.40000.nii.gz,1.4
12,SS_MPRAGE_sub_12_TI_1.60000.nii.gz,1.6
12,SS_MPRAGE_sub_12_TI_0.80000.nii.gz,0.8
12,SS_MPRAGE_sub_12_TI_2.40000.nii.gz,2.4
12,SS_MPRAGE_sub_12_TI_0.70000.nii.gz,0.7
12,SS_MPRAGE_sub_12_TI_2.90000.nii.gz,2.9
12,SS_MPRAGE_sub_12_TI_2.50000.nii.gz,2.5
12,SS_MPRAGE_sub_12_TI_0.60000.nii.gz,0.6
12,SS_MPRAGE_sub_12_TI_0.90000.nii.gz,0.9
12,SS_MPRAGE_sub_12_TI_0.30000.nii.gz,0.3
12,SS_MPRAGE_sub_12_TI_2.70000.nii.gz,2.7
12,SS_MPRAGE_sub_12_TI_2.80000.nii.gz,2.8
12,SS_MPRAGE_sub_12_TI_2.20000.nii.gz,2.2
12,SS_MPRAGE_sub_12_TI_2.60000.nii.gz,2.6
12,SS_MPRAGE_sub_12_TI_0.20000.nii.gz,0.2
12,SS_MPRAGE_sub_12_TI_1.80000.nii.gz,1.8
12,SS_MPRAGE_sub_12_TI_1.20000.nii.gz,1.2
12,SS_MPRAGE_sub_12_TI_1.70000.nii.gz,1.7
12,SS_MPRAGE_sub_12_TI_0.10000.nii.gz,0.1
12,SS_MPRAGE_sub_12_TI_1.90000.nii.gz,1.9
13,SS_MPRAGE_sub_13_TI_2.30000.nii.gz,2.3
13,SS_MPRAGE_sub_13_TI_0.90000.nii.gz,0.9
13,SS_MPRAGE_sub_13_TI_0.30000.nii.gz,0.3
13,SS_MPRAGE_sub_13_TI_2.10000.nii.gz,2.1
13,SS_MPRAGE_sub_13_TI_2.20000.nii.gz,2.2
13,SS_MPRAGE_sub_13_TI_2.60000.nii.gz,2.6
13,SS_MPRAGE_sub_13_TI_1.30000.nii.gz,1.3
13,SS_MPRAGE_sub_13_TI_2.80000.nii.gz,2.8
13,SS_MPRAGE_sub_13_TI_0.70000.nii.gz,0.7
13,SS_MPRAGE_sub_13_TI_3.00000.nii.gz,3.0
13,SS_MPRAGE_sub_13_TI_0.20000.nii.gz,0.2
13,SS_MPRAGE_sub_13_TI_1.00000.nii.gz,1.0
13,SS_MPRAGE_sub_13_TI_0.40000.nii.gz,0.4
13,SS_MPRAGE_sub_13_TI_1.10000.nii.gz,1.1
13,SS_MPRAGE_sub_13_TI_2.00000.nii.gz,2.0
13,SS_MPRAGE_sub_13_TI_1.90000.nii.gz,1.9
13,SS_MPRAGE_sub_13_TI_0.80000.nii.gz,0.8
13,SS_MPRAGE_sub_13_TI_2.40000.nii.gz,2.4
13,SS_MPRAGE_sub_13_TI_1.20000.nii.gz,1.2
13,SS_MPRAGE_sub_13_TI_1.50000.nii.gz,1.5
13,SS_MPRAGE_sub_13_TI_2.50000.nii.gz,2.5
13,SS_MPRAGE_sub_13_TI_1.40000.nii.gz,1.4
13,SS_MPRAGE_sub_13_TI_0.50000.nii.gz,0.5
13,SS_MPRAGE_sub_13_TI_2.90000.nii.gz,2.9
13,SS_MPRAGE_sub_13_TI_2.70000.nii.gz,2.7
13,SS_MPRAGE_sub_13_TI_0.10000.nii.gz,0.1
13,SS_MPRAGE_sub_13_TI_1.70000.nii.gz,1.7
13,SS_MPRAGE_sub_13_TI_1.60000.nii.gz,1.6
13,SS_MPRAGE_sub_13_TI_1.80000.nii.gz,1.8
13,SS_MPRAGE_sub_13_TI_0.60000.nii.gz,0.6
14,SS_MPRAGE_sub_14_TI_1.20000.nii.gz,1.2
14,SS_MPRAGE_sub_14_TI_0.70000.nii.gz,0.7
14,SS_MPRAGE_sub_14_TI_1.70000.nii.gz,1.7
14,SS_MPRAGE_sub_14_TI_3.00000.nii.gz,3.0
14,SS_MPRAGE_sub_14_TI_0.50000.nii.gz,0.5
14,SS_MPRAGE_sub_14_TI_2.60000.nii.gz,2.6
14,SS_MPRAGE_sub_14_TI_1.80000.nii.gz,1.8
14,SS_MPRAGE_sub_14_TI_1.60000.nii.gz,1.6
14,SS_MPRAGE_sub_14_TI_2.00000.nii.gz,2.0
14,SS_MPRAGE_sub_14_TI_1.00000.nii.gz,1.0
14,SS_MPRAGE_sub_14_TI_0.10000.nii.gz,0.1
14,SS_MPRAGE_sub_14_TI_0.60000.nii.gz,0.6
14,SS_MPRAGE_sub_14_TI_2.20000.nii.gz,2.2
14,SS_MPRAGE_sub_14_TI_0.90000.nii.gz,0.9
14,SS_MPRAGE_sub_14_TI_2.50000.nii.gz,2.5
14,SS_MPRAGE_sub_14_TI_2.80000.nii.gz,2.8
14,SS_MPRAGE_sub_14_TI_1.50000.nii.gz,1.5
14,SS_MPRAGE_sub_14_TI_1.10000.nii.gz,1.1
14,SS_MPRAGE_sub_14_TI_2.10000.nii.gz,2.1
14,SS_MPRAGE_sub_14_TI_0.20000.nii.gz,0.2
14,SS_MPRAGE_sub_14_TI_1.40000.nii.gz,1.4
14,SS_MPRAGE_sub_14_TI_0.30000.nii.gz,0.3
14,SS_MPRAGE_sub_14_TI_1.90000.nii.gz,1.9
14,SS_MPRAGE_sub_14_TI_2.90000.nii.gz,2.9
14,SS_MPRAGE_sub_14_TI_0.80000.nii.gz,0.8
14,SS_MPRAGE_sub_14_TI_2.40000.nii.gz,2.4
14,SS_MPRAGE_sub_14_TI_2.30000.nii.gz,2.3
14,SS_MPRAGE_sub_14_TI_1.30000.nii.gz,1.3
14,SS_MPRAGE_sub_14_TI_2.70000.nii.gz,2.7
14,SS_MPRAGE_sub_14_TI_0.40000.nii.gz,0.4
15,SS_MPRAGE_sub_15_TI_2.50000.nii.gz,2.5
15,SS_MPRAGE_sub_15_TI_0.70000.nii.gz,0.7
15,SS_MPRAGE_sub_15_TI_0.20000.nii.gz,0.2
15,SS_MPRAGE_sub_15_TI_2.00000.nii.gz,2.0
15,SS_MPRAGE_sub_15_TI_3.00000.nii.gz,3.0
15,SS_MPRAGE_sub_15_TI_0.60000.nii.gz,0.6
15,SS_MPRAGE_sub_15_TI_1.50000.nii.gz,1.5
15,SS_MPRAGE_sub_15_TI_2.10000.nii.gz,2.1
15,SS_MPRAGE_sub_15_TI_1.10000.nii.gz,1.1
15,SS_MPRAGE_sub_15_TI_2.60000.nii.gz,2.6
15,SS_MPRAGE_sub_15_TI_1.00000.nii.gz,1.0
15,SS_MPRAGE_sub_15_TI_1.80000.nii.gz,1.8
15,SS_MPRAGE_sub_15_TI_2.70000.nii.gz,2.7
15,SS_MPRAGE_sub_15_TI_2.30000.nii.gz,2.3
15,SS_MPRAGE_sub_15_TI_1.90000.nii.gz,1.9
15,SS_MPRAGE_sub_15_TI_1.20000.nii.gz,1.2
15,SS_MPRAGE_sub_15_TI_0.30000.nii.gz,0.3
15,SS_MPRAGE_sub_15_TI_1.70000.nii.gz,1.7
15,SS_MPRAGE_sub_15_TI_0.40000.nii.gz,0.4
15,SS_MPRAGE_sub_15_TI_2.20000.nii.gz,2.2
15,SS_MPRAGE_sub_15_TI_2.80000.nii.gz,2.8
15,SS_MPRAGE_sub_15_TI_1.40000.nii.gz,1.4
15,SS_MPRAGE_sub_15_TI_1.60000.nii.gz,1.6
15,SS_MPRAGE_sub_15_TI_0.80000.nii.gz,0.8
15,SS_MPRAGE_sub_15_TI_0.50000.nii.gz,0.5
15,SS_MPRAGE_sub_15_TI_1.30000.nii.gz,1.3
15,SS_MPRAGE_sub_15_TI_2.90000.nii.gz,2.9
15,SS_MPRAGE_sub_15_TI_2.40000.nii.gz,2.4
15,SS_MPRAGE_sub_15_TI_0.10000.nii.gz,0.1
15,SS_MPRAGE_sub_15_TI_0.90000.nii.gz,0.9
16,SS_MPRAGE_sub_16_TI_0.90000.nii.gz,0.9
16,SS_MPRAGE_sub_16_TI_2.70000.nii.gz,2.7
16,SS_MPRAGE_sub_16_TI_0.70000.nii.gz,0.7
16,SS_MPRAGE_sub_16_TI_2.90000.nii.gz,2.9
16,SS_MPRAGE_sub_16_TI_2.10000.nii.gz,2.1
16,SS_MPRAGE_sub_16_TI_2.00000.nii.gz,2.0
16,SS_MPRAGE_sub_16_TI_2.40000.nii.gz,2.4
16,SS_MPRAGE_sub_16_TI_1.10000.nii.gz,1.1
16,SS_MPRAGE_sub_16_TI_1.40000.nii.gz,1.4
16,SS_MPRAGE_sub_16_TI_1.00000.nii.gz,1.0
16,SS_MPRAGE_sub_16_TI_0.10000.nii.gz,0.1
16,SS_MPRAGE_sub_16_TI_1.20000.nii.gz,1.2
16,SS_MPRAGE_sub_16_TI_0.50000.nii.gz,0.5
16,SS_MPRAGE_sub_16_TI_2.80000.nii.gz,2.8
16,SS_MPRAGE_sub_16_TI_2.30000.nii.gz,2.3
16,SS_MPRAGE_sub_16_TI_1.80000.nii.gz,1.8
16,SS_MPRAGE_sub_16_TI_1.50000.nii.gz,1.5
16,SS_MPRAGE_sub_16_TI_0.20000.nii.gz,0.2
16,SS_MPRAGE_sub_16_TI_1.70000.nii.gz,1.7
16,SS_MPRAGE_sub_16_TI_2.50000.nii.gz,2.5
16,SS_MPRAGE_sub_16_TI_1.60000.nii.gz,1.6
16,SS_MPRAGE_sub_16_TI_0.80000.nii.gz,0.8
16,SS_MPRAGE_sub_16_TI_2.20000.nii.gz,2.2
16,SS_MPRAGE_sub_16_TI_0.60000.nii.gz,0.6
16,SS_MPRAGE_sub_16_TI_3.00000.nii.gz,3.0
16,SS_MPRAGE_sub_16_TI_0.40000.nii.gz,0.4
16,SS_MPRAGE_sub_16_TI_1.30000.nii.gz,1.3
16,SS_MPRAGE_sub_16_TI_1.90000.nii.gz,1.9
16,SS_MPRAGE_sub_16_TI_0.30000.nii.gz,0.3
16,SS_MPRAGE_sub_16_TI_2.60000.nii.gz,2.6
17,SS_MPRAGE_sub_17_TI_1.10000.nii.gz,1.1
17,SS_MPRAGE_sub_17_TI_0.40000.nii.gz,0.4
17,SS_MPRAGE_sub_17_TI_2.10000.nii.gz,2.1
17,SS_MPRAGE_sub_17_TI_0.60000.nii.gz,0.6
17,SS_MPRAGE_sub_17_TI_0.10000.nii.gz,0.1
17,SS_MPRAGE_sub_17_TI_1.40000.nii.gz,1.4
17,SS_MPRAGE_sub_17_TI_0.30000.nii.gz,0.3
17,SS_MPRAGE_sub_17_TI_2.00000.nii.gz,2.0
17,SS_MPRAGE_sub_17_TI_1.80000.nii.gz,1.8
17,SS_MPRAGE_sub_17_TI_2.50000.nii.gz,2.5
17,SS_MPRAGE_sub_17_TI_0.50000.nii.gz,0.5
17,SS_MPRAGE_sub_17_TI_1.20000.nii.gz,1.2
17,SS_MPRAGE_sub_17_TI_1.90000.nii.gz,1.9
17,SS_MPRAGE_sub_17_TI_1.70000.nii.gz,1.7
17,SS_MPRAGE_sub_17_TI_1.30000.nii.gz,1.3
17,SS_MPRAGE_sub_17_TI_3.00000.nii.gz,3.0
17,SS_MPRAGE_sub_17_TI_0.20000.nii.gz,0.2
17,SS_MPRAGE_sub_17_TI_2.20000.nii.gz,2.2
17,SS_MPRAGE_sub_17_TI_0.90000.nii.gz,0.9
17,SS_MPRAGE_sub_17_TI_2.30000.nii.gz,2.3
17,SS_MPRAGE_sub_17_TI_1.00000.nii.gz,1.0
17,SS_MPRAGE_sub_17_TI_1.50000.nii.gz,1.5
17,SS_MPRAGE_sub_17_TI_2.80000.nii.gz,2.8
17,SS_MPRAGE_sub_17_TI_2.70000.nii.gz,2.7
17,SS_MPRAGE_sub_17_TI_0.80000.nii.gz,0.8
17,SS_MPRAGE_sub_17_TI_2.40000.nii.gz,2.4
17,SS_MPRAGE_sub_17_TI_2.60000.nii.gz,2.6
17,SS_MPRAGE_sub_17_TI_0.70000.nii.gz,0.7
17,SS_MPRAGE_sub_17_TI_1.60000.nii.gz,1.6
17,SS_MPRAGE_sub_17_TI_2.90000.nii.gz,2.9
18,SS_MPRAGE_sub_18_TI_0.40000.nii.gz,0.4
18,SS_MPRAGE_sub_18_TI_1.00000.nii.gz,1.0
18,SS_MPRAGE_sub_18_TI_2.70000.nii.gz,2.7
18,SS_MPRAGE_sub_18_TI_0.90000.nii.gz,0.9
18,SS_MPRAGE_sub_18_TI_2.30000.nii.gz,2.3
18,SS_MPRAGE_sub_18_TI_1.90000.nii.gz,1.9
18,SS_MPRAGE_sub_18_TI_1.80000.nii.gz,1.8
18,SS_MPRAGE_sub_18_TI_1.60000.nii.gz,1.6
18,SS_MPRAGE_sub_18_TI_2.90000.nii.gz,2.9
18,SS_MPRAGE_sub_18_TI_2.50000.nii.gz,2.5
18,SS_MPRAGE_sub_18_TI_0.80000.nii.gz,0.8
18,SS_MPRAGE_sub_18_TI_2.10000.nii.gz,2.1
18,SS_MPRAGE_sub_18_TI_0.10000.nii.gz,0.1
18,SS_MPRAGE_sub_18_TI_2.20000.nii.gz,2.2
18,SS_MPRAGE_sub_18_TI_2.60000.nii.gz,2.6
18,SS_MPRAGE_sub_18_TI_1.70000.nii.gz,1.7
18,SS_MPRAGE_sub_18_TI_1.30000.nii.gz,1.3
18,SS_MPRAGE_sub_18_TI_0.30000.nii.gz,0.3
18,SS_MPRAGE_sub_18_TI_1.10000.nii.gz,1.1
18,SS_MPRAGE_sub_18_TI_1.40000.nii.gz,1.4
18,SS_MPRAGE_sub_18_TI_0.50000.nii.gz,0.5
18,SS_MPRAGE_sub_18_TI_2.80000.nii.gz,2.8
18,SS_MPRAGE_sub_18_TI_0.20000.nii.gz,0.2
18,SS_MPRAGE_sub_18_TI_1.20000.nii.gz,1.2
18,SS_MPRAGE_sub_18_TI_1.50000.nii.gz,1.5
18,SS_MPRAGE_sub_18_TI_3.00000.nii.gz,3.0
18,SS_MPRAGE_sub_18_TI_2.00000.nii.gz,2.0
18,SS_MPRAGE_sub_18_TI_2.40000.nii.gz,2.4
18,SS_MPRAGE_sub_18_TI_0.60000.nii.gz,0.6
18,SS_MPRAGE_sub_18_TI_0.70000.nii.gz,0.7
19,SS_MPRAGE_sub_19_TI_1.30000.nii.gz,1.3
19,SS_MPRAGE_sub_19_TI_0.70000.nii.gz,0.7
19,SS_MPRAGE_sub_19_TI_0.80000.nii.gz,0.8
19,SS_MPRAGE_sub_19_TI_3.00000.nii.gz,3.0
19,SS_MPRAGE_sub_19_TI_0.40000.nii.gz,0.4
19,SS_MPRAGE_sub_19_TI_2.70000.nii.gz,2.7
19,SS_MPRAGE_sub_19_TI_0.60000.nii.gz,0.6
19,SS_MPRAGE_sub_19_TI_2.50000.nii.gz,2.5
19,SS_MPRAGE_sub_19_TI_0.50000.nii.gz,0.5
19,SS_MPRAGE_sub_19_TI_2.60000.nii.gz,2.6
19,SS_MPRAGE_sub_19_TI_1.40000.nii.gz,1.4
19,SS_MPRAGE_sub_19_TI_2.20000.nii.gz,2.2
19,SS_MPRAGE_sub_19_TI_1.80000.nii.gz,1.8
19,SS_MPRAGE_sub_19_TI_2.40000.nii.gz,2.4
19,SS_MPRAGE_sub_19_TI_2.10000.nii.gz,2.1
19,SS_MPRAGE_sub_19_TI_1.50000.nii.gz,1.5
19,SS_MPRAGE_sub_19_TI_1.60000.nii.gz,1.6
19,SS_MPRAGE_sub_19_TI_0.30000.nii.gz,0.3
19,SS_MPRAGE_sub_19_TI_1.70000.nii.gz,1.7
19,SS_MPRAGE_sub_19_TI_2.80000.nii.gz,2.8
19,SS_MPRAGE_sub_19_TI_1.90000.nii.gz,1.9
19,SS_MPRAGE_sub_19_TI_1.20000.nii.gz,1.2
19,SS_MPRAGE_sub_19_TI_1.10000.nii.gz,1.1
19,SS_MPRAGE_sub_19_TI_2.00000.nii.gz,2.0
19,SS_MPRAGE_sub_19_TI_0.90000.nii.gz,0.9
19,SS_MPRAGE_sub_19_TI_0.10000.nii.gz,0.1
19,SS_MPRAGE_sub_19_TI_0.20000.nii.gz,0.2
19,SS_MPRAGE_sub_19_TI_2.90000.nii.gz,2.9
19,SS_MPRAGE_sub_19_TI_1.00000.nii.gz,1.0
19,SS_MPRAGE_sub_19_TI_2.30000.nii.gz,2.3
20,SS_MPRAGE_sub_20_TI_2.50000.nii.gz,2.5
20,SS_MPRAGE_sub_20_TI_2.90000.nii.gz,2.9
20,SS_MPRAGE_sub_20_TI_2.70000.nii.gz,2.7
20,SS_MPRAGE_sub_20_TI_0.10000.nii.gz,0.1
20,SS_MPRAGE_sub_20_TI_0.70000.nii.gz,0.7
20,SS_MPRAGE_sub_20_TI_2.30000.nii.gz,2.3
20,SS_MPRAGE_sub_20_TI_0.60000.nii.gz,0.6
20,SS_MPRAGE_sub_20_TI_1.10000.nii.gz,1.1
20,SS_MPRAGE_sub_20_TI_0.30000.nii.gz,0.3
20,SS_MPRAGE_sub_20_TI_1.60000.nii.gz,1.6
20,SS_MPRAGE_sub_20_TI_1.50000.nii.gz,1.5
20,SS_MPRAGE_sub_20_TI_2.40000.nii.gz,2.4
20,SS_MPRAGE_sub_20_TI_2.20000.nii.gz,2.2
20,SS_MPRAGE_sub_20_TI_1.40000.nii.gz,1.4
20,SS_MPRAGE_sub_20_TI_0.20000.nii.gz,0.2
20,SS_MPRAGE_sub_20_TI_0.50000.nii.gz,0.5
20,SS_MPRAGE_sub_20_TI_3.00000.nii.gz,3.0
20,SS_MPRAGE_sub_20_TI_1.30000.nii.gz,1.3
20,SS_MPRAGE_sub_20_TI_0.90000.nii.gz,0.9
20,SS_MPRAGE_sub_20_TI_2.80000.nii.gz,2.8
20,SS_MPRAGE_sub_20_TI_0.80000.nii.gz,0.8
20,SS_MPRAGE_sub_20_TI_1.20000.nii.gz,1.2
20,SS_MPRAGE_sub_20_TI_1.70000.nii.gz,1.7
20,SS_MPRAGE_sub_20_TI_0.40000.nii.gz,0.4
20,SS_MPRAGE_sub_20_TI_2.00000.nii.gz,2.0
20,SS_MPRAGE_sub_20_TI_1.00000.nii.gz,1.0
20,SS_MPRAGE_sub_20_TI_2.60000.nii.gz,2.6
20,SS_MPRAGE_sub_20_TI_1.90000.nii.gz,1.9
20,SS_MPRAGE_sub_20_TI_2.10000.nii.gz,2.1
20,SS_MPRAGE_sub_20_TI_1.80000.nii.gz,1.8
21,SS_MPRAGE_sub_21_TI_1.40000.nii.gz,1.4
21,SS_MPRAGE_sub_21_TI_2.20000.nii.gz,2.2
21,SS_MPRAGE_sub_21_TI_1.90000.nii.gz,1.9
21,SS_MPRAGE_sub_21_TI_0.40000.nii.gz,0.4
21,SS_MPRAGE_sub_21_TI_2.00000.nii.gz,2.0
21,SS_MPRAGE_sub_21_TI_1.20000.nii.gz,1.2
21,SS_MPRAGE_sub_21_TI_1.00000.nii.gz,1.0
21,SS_MPRAGE_sub_21_TI_0.20000.nii.gz,0.2
21,SS_MPRAGE_sub_21_TI_2.70000.nii.gz,2.7
21,SS_MPRAGE_sub_21_TI_0.30000.nii.gz,0.3
21,SS_MPRAGE_sub_21_TI_0.70000.nii.gz,0.7
21,SS_MPRAGE_sub_21_TI_1.50000.nii.gz,1.5
21,SS_MPRAGE_sub_21_TI_2.90000.nii.gz,2.9
21,SS_MPRAGE_sub_21_TI_2.60000.nii.gz,2.6
21,SS_MPRAGE_sub_21_TI_0.50000.nii.gz,0.5
21,SS_MPRAGE_sub_21_TI_3.00000.nii.gz,3.0
21,SS_MPRAGE_sub_21_TI_0.80000.nii.gz,0.8
21,SS_MPRAGE_sub_21_TI_2.40000.nii.gz,2.4
21,SS_MPRAGE_sub_21_TI_2.80000.nii.gz,2.8
21,SS_MPRAGE_sub_21_TI_1.30000.nii.gz,1.3
21,SS_MPRAGE_sub_21_TI_1.10000.nii.gz,1.1
21,SS_MPRAGE_sub_21_TI_0.90000.nii.gz,0.9
21,SS_MPRAGE_sub_21_TI_1.80000.nii.gz,1.8
21,SS_MPRAGE_sub_21_TI_1.70000.nii.gz,1.7
21,SS_MPRAGE_sub_21_TI_0.10000.nii.gz,0.1
21,SS_MPRAGE_sub_21_TI_2.30000.nii.gz,2.3
21,SS_MPRAGE_sub_21_TI_2.50000.nii.gz,2.5
21,SS_MPRAGE_sub_21_TI_2.10000.nii.gz,2.1
21,SS_MPRAGE_sub_21_TI_0.60000.nii.gz,0.6
21,SS_MPRAGE_sub_21_TI_1.60000.nii.gz,1.6
22,SS_MPRAGE_sub_22_TI_1.00000.nii.gz,1.0
22,SS_MPRAGE_sub_22_TI_0.40000.nii.gz,0.4
22,SS_MPRAGE_sub_22_TI_0.10000.nii.gz,0.1
22,SS_MPRAGE_sub_22_TI_2.30000.nii.gz,2.3
22,SS_MPRAGE_sub_22_TI_2.00000.nii.gz,2.0
22,SS_MPRAGE_sub_22_TI_0.80000.nii.gz,0.8
22,SS_MPRAGE_sub_22_TI_2.50000.nii.gz,2.5
22,SS_MPRAGE_sub_22_TI_1.50000.nii.gz,1.5
22,SS_MPRAGE_sub_22_TI_0.50000.nii.gz,0.5
22,SS_MPRAGE_sub_22_TI_0.70000.nii.gz,0.7
22,SS_MPRAGE_sub_22_TI_1.10000.nii.gz,1.1
22,SS_MPRAGE_sub_22_TI_2.90000.nii.gz,2.9
22,SS_MPRAGE_sub_22_TI_2.10000.nii.gz,2.1
22,SS_MPRAGE_sub_22_TI_2.70000.nii.gz,2.7
22,SS_MPRAGE_sub_22_TI_1.60000.nii.gz,1.6
22,SS_MPRAGE_sub_22_TI_2.40000.nii.gz,2.4
22,SS_MPRAGE_sub_22_TI_0.20000.nii.gz,0.2
22,SS_MPRAGE_sub_22_TI_1.30000.nii.gz,1.3
22,SS_MPRAGE_sub_22_TI_1.90000.nii.gz,1.9
22,SS_MPRAGE_sub_22_TI_0.30000.nii.gz,0.3
22,SS_MPRAGE_sub_22_TI_0.90000.nii.gz,0.9
22,SS_MPRAGE_sub_22_TI_2.80000.nii.gz,2.8
22,SS_MPRAGE_sub_22_TI_1.40000.nii.gz,1.4
22,SS_MPRAGE_sub_22_TI_1.70000.nii.gz,1.7
22,SS_MPRAGE_sub_22_TI_0.60000.nii.gz,0.6
22,SS_MPRAGE_sub_22_TI_1.80000.nii.gz,1.8
22,SS_MPRAGE_sub_22_TI_2.20000.nii.gz,2.2
22,SS_MPRAGE_sub_22_TI_3.00000.nii.gz,3.0
22,SS_MPRAGE_sub_22_TI_2.60000.nii.gz,2.6
22,SS_MPRAGE_sub_22_TI_1.20000.nii.gz,1.2
23,SS_MPRAGE_sub_23_TI_0.30000.nii.gz,0.3
23,SS_MPRAGE_sub_23_TI_2.90000.nii.gz,2.9
23,SS_MPRAGE_sub_23_TI_0.70000.nii.gz,0.7
23,SS_MPRAGE_sub_23_TI_2.50000.nii.gz,2.5
23,SS_MPRAGE_sub_23_TI_1.20000.nii.gz,1.2
23,SS_MPRAGE_sub_23_TI_2.10000.nii.gz,2.1
23,SS_MPRAGE_sub_23_TI_0.50000.nii.gz,0.5
23,SS_MPRAGE_sub_23_TI_2.40000.nii.gz,2.4
23,SS_MPRAGE_sub_23_TI_0.60000.nii.gz,0.6
23,SS_MPRAGE_sub_23_TI_3.00000.nii.gz,3.0
23,SS_MPRAGE_sub_23_TI_1.80000.nii.gz,1.8
23,SS_MPRAGE_sub_23_TI_0.40000.nii.gz,0.4
23,SS_MPRAGE_sub_23_TI_2.80000.nii.gz,2.8
23,SS_MPRAGE_sub_23_TI_2.00000.nii.gz,2.0
23,SS_MPRAGE_sub_23_TI_1.00000.nii.gz,1.0
23,SS_MPRAGE_sub_23_TI_1.10000.nii.gz,1.1
23,SS_MPRAGE_sub_23_TI_1.60000.nii.gz,1.6
23,SS_MPRAGE_sub_23_TI_1.30000.nii.gz,1.3
23,SS_MPRAGE_sub_23_TI_0.90000.nii.gz,0.9
23,SS_MPRAGE_sub_23_TI_0.10000.nii.gz,0.1
23,SS_MPRAGE_sub_23_TI_1.90000.nii.gz,1.9
23,SS_MPRAGE_sub_23_TI_2.20000.nii.gz,2.2
23,SS_MPRAGE_sub_23_TI_0.20000.nii.gz,0.2
23,SS_MPRAGE_sub_23_TI_1.40000.nii.gz,1.4
23,SS_MPRAGE_sub_23_TI_1.50000.nii.gz,1.5
23,SS_MPRAGE_sub_23_TI_1.70000.nii.gz,1.7
23,SS_MPRAGE_sub_23_TI_2.70000.nii.gz,2.7
23,SS_MPRAGE_sub_23_TI_0.80000.nii.gz,0.8
23,SS_MPRAGE_sub_23_TI_2.30000.nii.gz,2.3
23,SS_MPRAGE_sub_23_TI_2.60000.nii.gz,2.6
24,SS_MPRAGE_sub_24_TI_2.70000.nii.gz,2.7
24,SS_MPRAGE_sub_24_TI_1.10000.nii.gz,1.1
24,SS_MPRAGE_sub_24_TI_2.10000.nii.gz,2.1
24,SS_MPRAGE_sub_24_TI_1.90000.nii.gz,1.9
24,SS_MPRAGE_sub_24_TI_1.80000.nii.gz,1.8
24,SS_MPRAGE_sub_24_TI_0.10000.nii.gz,0.1
24,SS_MPRAGE_sub_24_TI_0.60000.nii.gz,0.6
24,SS_MPRAGE_sub_24_TI_0.70000.nii.gz,0.7
24,SS_MPRAGE_sub_24_TI_2.80000.nii.gz,2.8
24,SS_MPRAGE_sub_24_TI_0.20000.nii.gz,0.2
24,SS_MPRAGE_sub_24_TI_0.50000.nii.gz,0.5
24,SS_MPRAGE_sub_24_TI_1.20000.nii.gz,1.2
24,SS_MPRAGE_sub_24_TI_0.40000.nii.gz,0.4
24,SS_MPRAGE_sub_24_TI_2.20000.nii.gz,2.2
24,SS_MPRAGE_sub_24_TI_0.30000.nii.gz,0.3
24,SS_MPRAGE_sub_24_TI_0.80000.nii.gz,0.8
24,SS_MPRAGE_sub_24_TI_2.90000.nii.gz,2.9
24,SS_MPRAGE_sub_24_TI_2.60000.nii.gz,2.6
24,SS_MPRAGE_sub_24_TI_3.00000.nii.gz,3.0
24,SS_MPRAGE_sub_24_TI_0.90000.nii.gz,0.9
24,SS_MPRAGE_sub_24_TI_1.50000.nii.gz,1.5
24,SS_MPRAGE_sub_24_TI_1.30000.nii.gz,1.3
24,SS_MPRAGE_sub_24_TI_2.30000.nii.gz,2.3
24,SS_MPRAGE_sub_24_TI_2.40000.nii.gz,2.4
24,SS_MPRAGE_sub_24_TI_1.70000.nii.gz,1.7
24,SS_MPRAGE_sub_24_TI_1.60000.nii.gz,1.6
24,SS_MPRAGE_sub_24_TI_1.00000.nii.gz,1.0
24,SS_MPRAGE_sub_24_TI_1.40000.nii.gz,1.4
24,SS_MPRAGE_sub_24_TI_2.50000.nii.gz,2.5
24,SS_MPRAGE_sub_24_TI_2.00000.nii.gz,2.0
25,SS_MPRAGE_sub_25_TI_0.20000.nii.gz,0.2
25,SS_MPRAGE_sub_25_TI_1.10000.nii.gz,1.1
25,SS_MPRAGE_sub_25_TI_0.10000.nii.gz,0.1
25,SS_MPRAGE_sub_25_TI_1.30000.nii.gz,1.3
25,SS_MPRAGE_sub_25_TI_2.50000.nii.gz,2.5
25,SS_MPRAGE_sub_25_TI_2.10000.nii.gz,2.1
25,SS_MPRAGE_sub_25_TI_1.40000.nii.gz,1.4
25,SS_MPRAGE_sub_25_TI_1.60000.nii.gz,1.6
25,SS_MPRAGE_sub_25_TI_1.50000.nii.gz,1.5
25,SS_MPRAGE_sub_25_TI_1.80000.nii.gz,1.8
25,SS_MPRAGE_sub_25_TI_3.00000.nii.gz,3.0
25,SS_MPRAGE_sub_25_TI_0.60000.nii.gz,0.6
25,SS_MPRAGE_sub_25_TI_0.30000.nii.gz,0.3
25,SS_MPRAGE_sub_25_TI_2.70000.nii.gz,2.7
25,SS_MPRAGE_sub_25_TI_2.20000.nii.gz,2.2
25,SS_MPRAGE_sub_25_TI_2.00000.nii.gz,2.0
25,SS_MPRAGE_sub_25_TI_0.90000.nii.gz,0.9
25,SS_MPRAGE_sub_25_TI_2.60000.nii.gz,2.6
25,SS_MPRAGE_sub_25_TI_0.50000.nii.gz,0.5
25,SS_MPRAGE_sub_25_TI_0.80000.nii.gz,0.8
25,SS_MPRAGE_sub_25_TI_1.70000.nii.gz,1.7
25,SS_MPRAGE_sub_25_TI_1.90000.nii.gz,1.9
25,SS_MPRAGE_sub_25_TI_1.00000.nii.gz,1.0
25,SS_MPRAGE_sub_25_TI_2.90000.nii.gz,2.9
25,SS_MPRAGE_sub_25_TI_2.30000.nii.gz,2.3
25,SS_MPRAGE_sub_25_TI_0.40000.nii.gz,0.4
25,SS_MPRAGE_sub_25_TI_1.20000.nii.gz,1.2
25,SS_MPRAGE_sub_25_TI_2.80000.nii.gz,2.8
25,SS_MPRAGE_sub_25_TI_0.70000.nii.gz,0.7
25,SS_MPRAGE_sub_25_TI_2.40000.nii.gz,2.4
26,SS_MPRAGE_sub_26_TI_0.90000.nii.gz,0.9
26,SS_MPRAGE_sub_26_TI_1.10000.nii.gz,1.1
26,SS_MPRAGE_sub_26_TI_2.20000.nii.gz,2.2
26,SS_MPRAGE_sub_26_TI_0.20000.nii.gz,0.2
26,SS_MPRAGE_sub_26_TI_1.20000.nii.gz,1.2
26,SS_MPRAGE_sub_26_TI_1.30000.nii.gz,1.3
26,SS_MPRAGE_sub_26_TI_2.90000.nii.gz,2.9
26,SS_MPRAGE_sub_26_TI_2.70000.nii.gz,2.7
26,SS_MPRAGE_sub_26_TI_1.50000.nii.gz,1.5
26,SS_MPRAGE_sub_26_TI_1.00000.nii.gz,1.0
26,SS_MPRAGE_sub_26_TI_0.70000.nii.gz,0.7
26,SS_MPRAGE_sub_26_TI_2.30000.nii.gz,2.3
26,SS_MPRAGE_sub_26_TI_2.10000.nii.gz,2.1
26,SS_MPRAGE_sub_26_TI_0.60000.nii.gz,0.6
26,SS_MPRAGE_sub_26_TI_1.90000.nii.gz,1.9
26,SS_MPRAGE_sub_26_TI_0.50000.nii.gz,0.5
26,SS_MPRAGE_sub_26_TI_1.70000.nii.gz,1.7
26,SS_MPRAGE_sub_26_TI_1.80000.nii.gz,1.8
26,SS_MPRAGE_sub_26_TI_2.00000.nii.gz,2.0
26,SS_MPRAGE_sub_26_TI_0.40000.nii.gz,0.4
26,SS_MPRAGE_sub_26_TI_2.60000.nii.gz,2.6
26,SS_MPRAGE_sub_26_TI_0.10000.nii.gz,0.1
26,SS_MPRAGE_sub_26_TI_2.80000.nii.gz,2.8
26,SS_MPRAGE_sub_26_TI_2.40000.nii.gz,2.4
26,SS_MPRAGE_sub_26_TI_1.60000.nii.gz,1.6
26,SS_MPRAGE_sub_26_TI_3.00000.nii.gz,3.0
26,SS_MPRAGE_sub_26_TI_1.40000.nii.gz,1.4
26,SS_MPRAGE_sub_26_TI_0.30000.nii.gz,0.3
26,SS_MPRAGE_sub_26_TI_2.50000.nii.gz,2.5
26,SS_MPRAGE_sub_26_TI_0.80000.nii.gz,0.8
